אייקון,יום,תאריך,שם המקום,קטגוריות לסינון,עדיפות,מיקום במפה,מזג אוויר אידיאלי,תיאור ומה ניתן לעשות,תחבורה והגעה ליעד,אזור במסלול,טווח שעות מומלץ,זמן מוערך,ימי סגירה / הערות חשובות,עלות משוערת (₪ ו-¥),איך ומתי להזמין,קישור,משך נסיעה מהיעד הקודם,ניווט גוגל מפות (מהיעד הקודם),סיכון,מתקנים ודרישות,מה צריך להכין מראש

🤖,טוקיו (חלופה),14-19/10,Unicorn Gundam Statue (DiverCity),אטרקציה | טכנולוגיה ותרבות פופ,⭐⭐⭐⭐⭐ חובה,"DiverCity Tokyo Plaza, Odaiba, Tokyo",☀️ שמש / ☁️ מעונן,"פסל הגונדאם הענק (Unicorn Gundam) בגובה 19.7 מטרים:
• כל יום ב-17:00 ו-17:30 הרובוט עובר טרנספורמציה למצב Destroy עם אורות וסאונד. מספק מנת טכנולוגיה עתידנית מושלמת באוויר הפתוח (פתוח בשני!). המחליף הטבעי ביותר ל-Panasonic.

[רמת עומס: 🟢 קל]
💡 Plan B גשם: אפשר לצפות ברובוט גם מתוך קניון DiverCity המקורה.
🍽️ פתרון תזונה: מתחם האוכל הענק של DiverCity או פוד קורט סמוך.
🥤 שילוב חלבון: חטיף חלבון בזמן הצפייה במופע ההחלפה.
🔍 לסינון: אטרקציה / תרבות פופ / טכנולוגיה","אחרי teamLab, סע ברכבת ה-Yurikamome לתחנת Daiba, וצעד קלות למתחם DiverCity.",טוקיו - אודאיבה,17:00 - 18:00,שעה,מופעים ב-17:00 וב-17:30,חינם,**🚶‍♂️ אין צורך להזמין מראש: שטח ציבורי פתוח.**,https://www.unicorn-gundam-statue.jp/en/,≈ 15 דקות (מ-teamLab),https://www.google.com/maps/dir/?api=1&origin=teamLab+Planets+TOKYO+DMM&destination=Unicorn+Gundam+Statue,,⚠️ שירותים,✓ מצלמה מוכנה מראש לטרנספורמציה | ✓ Power Bank וכבל

🌳,טוקיו (חלופה),14-19/10,East Gardens of the Imperial Palace,פארק וטבע | גנים היסטוריים,⭐⭐⭐ אם יש זמן,"Chiyoda City, Tokyo",☀️ שמש / ☁️ מעונן,"הגנים המזרחיים של ארמון הקיסר (חילוני):
• הליכה חופשית בין גנים יפניים מרהיבים, בריכות דגי קוי ושרידי חומות.

[רמת עומס: 🟢 קל]
💡 Plan B גשם: דלג ועבור למוזיאון מקורה.
🍽️ פתרון תזונה: חטיפים בתיק או קומביני סמוך.
🥤 שילוב חלבון: חטיף חלבון בתיק.
🔍 לסינון: פארק / טבע / היסטוריה","הליכה קצרה מתחנת Otemachi או Tokyo.
[יציאה מומלצת: Otemachi Station יציאה C10]",טוקיו - מרכז,10:00 - 12:00,שעה וחצי,סגור שני ושישי,חינם,**🚨 שימו לב: סגור קבוע בימי שני ושישי!**,https://sankan.kunaicho.go.jp/english/,≈ לפי מיקום עדכני,https://www.google.com/maps/dir/?api=1&origin=Tokyo+Station&destination=East+Gardens+of+the+Imperial+Palace,,⚠️ שירותים,✓ משקפי שמש וכובע

🍃,טוקיו (חלופה),14-19/10,Arisugawa-no-miya Memorial Park,פארק וטבע | פארק מסורתי,⭐⭐⭐ אם יש זמן,"Minato City, Tokyo",☀️ שמש בלבד,"פארק מסורתי, שקט ומוצל באזור מינאטו:
• כולל אגמים קטנים ומפלי מים. מושלם לפעילות של צהרי שבת ללא חילול שבת (קרוב לאומוֹרִי/חב'ד).

[רמת עומס: 🟢 קל]
💡 Plan B גשם: מעבר למתחם מקורה באזור רופונגי.
🍽️ פתרון תזונה: הבאת אוכל מוכן מראש/חטיפים.
🥤 שילוב חלבון: חטיף חלבון בתיק.
🔍 לסינון: פארק / טבע",הליכה רגלית פשוטה מתחנת Hiroo (קו Hibiya Line).,טוקיו - מינאטו,14:00 - 16:00,שעה,,חינם,**🚶‍♂️ אין צורך להזמין מראש: הפארק פתוח ציבורית.**,https://www.tokyo-park.or.jp/,≈ לפי מיקום עדכני,https://www.google.com/maps/dir/?api=1&origin=Hiroo+Station&destination=Arisugawa-no-miya+Memorial+Park,,,✓ נעלי הליכה

🎮,טוקיו (חלופה),14-19/10,Nakano Broadway,קניות | אנימה ותרבות פופ,⭐⭐⭐ אם יש זמן,"Nakano City, Tokyo",הכל (מקורה),"מתחם קניון ענק:
• חלופה שקטה ומקורה לאקיהברה. חנויות טכנולוגיה, מנגה, ורשת Mandarake.

[רמת עומס: 🟡 בינוני]
💡 Plan B גשם: יעד מקורה פנטסטי ליום גשום.
🍽️ פתרון תזונה: מסעדות במתחם או קומביני.
🥤 שילוב חלבון: חטיף/שייק חלבון בתיק.
🔍 לסינון: קניות / אנימה / מקורה","נסיעה בקו JR 🔵 Chuo Line מתחנת Shinjuku לתחנת Nakano.
[יציאה מומלצת: North Exit - ישירות למדרחוב]",טוקיו - מערב,14:00 - 17:00,שלוש שעות,,חינם,**🚶‍♂️ אין צורך להזמין מראש.**,https://www.japan-guide.com/e/e3069.html,≈ לפי מיקום עדכני,https://www.google.com/maps/dir/?api=1&origin=Shinjuku+Station&destination=Nakano+Broadway,,⚠️ שירותים,✓ פטור ממס (Tax-Free) לדרכון

🎤,טוקיו (חלופה),14-19/10,Karaoke Kan / Big Echo,אטרקציה | קריוקי וחיי לילה,⭐⭐⭐ אם יש זמן,"Shinjuku, Tokyo",הכל (מקורה),"חדרי קריוקי פרטיים יפניים (Karaoke Box):
• חדר פרטי אטום עם סאונד מטורף (פתוח 24/7).

[רמת עומס: 🟢 קל]
💡 Plan B: אם סניף אחד עמוס, יש סניף נוסף בכל פינה.
🍽️ פתרון תזונה: ניתן להזמין אוכל ושתייה ישירות לחדר.
🥤 שילוב חלבון: הזמנת אדממה (פולי סויה) מתפריט המקום.
🔍 לסינון: אטרקציה / חיי לילה",סניפים של הרשתות נמצאים בכל פינה באזורי שיבויה ושינג'וקו.,טוקיו - בילוי ערב,20:00 - 22:00,שעתיים,,"כ-50 ₪ (~2,700 ¥)",**🚶‍♂️ מגיעים לדלפק הקבלה ומבקשים חדר.**,https://karaokekan.jp/,≈ לפי מיקום עדכני,https://www.google.com/maps/search/?api=1&query=Karaoke+Kan+Shinjuku,,⚠️ שירותים,✓ גרון בריא

🥂,טוקיו (חלופה),14-19/10,LUXE Shinjuku / TANTRA TOKYO,אטרקציה | חיי לילה ובילוי,⭐⭐⭐ אם יש זמן,"Shinjuku / Roppongi, Tokyo",הכל (מקורה),"מועדון פרמיום לחוויית חיי לילה ופלרטוט בסגנון יפני. (לגילאי 20+ בלבד).

[רמת עומס: 🟡 בינוני]
💡 Plan B: אם עמוס, מעבר לבר שקט או איזקאיה.
🍽️ פתרון תזונה: נשנושים ואלכוהול במועדון.
🥤 שילוב חלבון: חטיף חלבון לפני היציאה.
🔍 לסינון: חיי לילה / מועדון",הליכה מתחנת Shinjuku אל קבוקיצ'ו או לרופונגי.,טוקיו - חיי לילה,21:00 - 23:00,40-90 דקות,לוודא מחירים מראש למניעת הפתעות באזורי הבילוי,"כ-175 ₪ (~7,000 ¥)",**🚶‍♂️ מומלץ לבדוק זמינות או להזמין דרך האתר הרשמי.**,https://www.google.com/search?q=LUXE+Shinjuku,≈ לפי מיקום,https://www.google.com/maps/search/?api=1&query=LUXE+Shinjuku,🚨 אזורי בילוי ליליים - דורש ערנות,⚠️ שירותים,✓ דרכון לגיל | ✓ מזומן

🖼️,טוקיו (חלופה),14-19/10,Mori Art Museum,מוזיאון | אמנות ותרבות,⭐⭐⭐⭐ מומלץ,"Roppongi, Minato City, Tokyo",הכל (מקורה),"מוזיאון לאמנות מודרנית ובינלאומית הממוקם במגדל מורי, מציג תערוכות מסתובבות מרשימות.

[רמת עומס: 🟢 קל]
💡 Plan B: מקורה וחסין גשם.
🍽️ פתרון תזונה: מסעדות באזור רופונגי או מהתיק.
🥤 שילוב חלבון: חטיף חלבון בתיק.
🔍 לסינון: מוזיאון / אמנות","תחנת Roppongi (קו Hibiya או Oedo).",טוקיו - רופונגי,10:00 - 13:00,שעתיים,תערוכות משתנות - כדאי לבדוק מראש מה מוצג,"כ-50 ₪ (~2,000 ¥)",**🚶‍♂️ ניתן לרכוש במקום או אונליין לחסוך תור.**,https://www.mori.art.museum/en/,≈ לפי מיקום,https://www.google.com/maps/search/?api=1&query=Mori+Art+Museum+Tokyo,,⚠️ שירותים,✓ סקרנות לאמנות מודרנית

🎢,פוג'י (חלופה),14-19/10,Fuji-Q Highland,אטרקציה | פארק שעשועים | אקסטרים,⭐⭐⭐⭐⭐ חובה,"Fujiyoshida, Yamanashi",☀️ שמש (ללא רוח!),"פארק רכבות ההרים האקסטרימי:
• שובר שיאי גינס עם נוף ישיר להר פוג'י!

[רמת עומס: 🔴 גבוה]
💡 Plan B גשם/רוח: במזג אוויר סוער האקסטרים נסגר - חובה לבדוק תחזית!
🍽️ פתרון תזונה: דוכני מזון בפארק או הבאת בנטו.
🥤 שילוב חלבון: חטיפי חלבון להחזרת אנרגיה בין המתקנים.
🔍 לסינון: פארק שעשועים / אקסטרים",אוטובוס מהיר (Expressway Bus) משינג'וקו ישירות לפארק (שעה וחצי).,הר פוג'י (גיחה מטוקיו),09:00 - 17:00,יום שלם,נסגר ברוח חזקה,"כ-180 ₪ (~9,700 ¥)",**🚨 חובה להזמין מראש ב-Klook כ-1-2 שבועות מראש (כרטיס כניסה + אוטובוס אקספרס משינג'וקו שמתמלא).**,https://www.klook.com/,≈ שעה וחצי משינג'וקו,https://www.google.com/maps/dir/?api=1&origin=Shinjuku+Station&destination=Fuji-Q+Highland,🚨 רוח חזקה ⭐⭐⭐⭐⭐,⚠️ שירותים,✓ בגדים מתאימים וכיסים סגורים היטב | ✓ קרם הגנה

🌸,פוג'י (חלופה),14-19/10,Oishi Park (Kawaguchiko),פארק וטבע | נוף טבעי | תצפית,⭐⭐⭐ אם יש זמן,"Fujikawaguchiko, Yamanashi",☀️ שמש (ראות פוג'י),"פארק פרחים (Oishi Park):
• ממוקם על שפת אגם קוואגוצ'יקו ומציע נוף ישיר מושלם להר פוג'י (חילוני ללא מקדשים).

[רמת עומס: 🟢 קל]
💡 Plan B ערפל: אם ההר מכוסה עננים, מומלץ לוותר ולעבור לקניות.
🍽️ פתרון תזונה: להביא אוכל/חטיפים מהעיר.
🥤 שילוב חלבון: חטיף חלבון בתיק.
🔍 לסינון: פארק / תצפית / טבע","אוטובוס מהיר משינג'וקו ל-Kawaguchiko, והחלפה לאוטובוס אדום (Red Line) לפארק.",הר פוג'י (גיחה),10:00 - 13:00,חצי יום,,חינם,**🚨 חובה להזמין מראש כרטיסי אוטובוס בינארוני.**,https://www.japan-guide.com/e/e6906.html,≈ שעה ו-40 דקות משינג'וקו,https://www.google.com/maps/dir/?api=1&origin=Kawaguchiko+Station&destination=Oishi+Park,,,✓ מצלמה

🛍️,האקונה (חלופה),20-21/10,Gotemba Premium Outlets,קניות | אאוטלט ואופנה,⭐⭐⭐ אם יש זמן,"Gotemba, Shizuoka",☀️ שמש / ☁️ מעונן,"מתחם האאוטלט הגדול ביפן:
• מותגים בינלאומיים וגאדג'טים עם נוף להר פוג'י.

[רמת עומס: 🟡 בינוני]
💡 Plan B גשם: מתחם פתוח בחלקו עם קירויים. הצטייד במטריה.
🍽️ פתרון תזונה: פוד-קורט ענק במתחם.
🥤 שילוב חלבון: חטיף חלבון בתיק.
🔍 לסינון: קניות / אאוטלט","אוטובוס חינמי מתחנת Gotemba, או קווי אוטובוס ישירים מאזור אגם אשי.",האקונה / פוג'י,10:00 - 15:00,4 שעות,,"כ-370 ₪ (~20,000 ¥)",**🚶‍♂️ הצג דרכון זר בדלפק המידע לפטור ממס.**,https://www.premiumoutlets.co.jp/en/gotemba/,≈ לפי מיקום עדכני,https://www.google.com/maps/dir/?api=1&origin=Togendai+Station&destination=Gotemba+Premium+Outlets,,⚠️ שירותים,✓ דרכון פיזי (לפטור ממס) | ✓ כרטיס אשראי

🚠,ביווה (חלופה),21-22/10,Biwako Terrace / Biwako Valley,אטרקציה | נוף טבעי | תצפית,⭐⭐⭐ אם יש זמן,"Otsu, Shiga",☀️ שמש (ראות טובה),"מתחם ביוואקו טראס:
• תצפית אדריכלית מפסגת ההר (עלייה ברכבל) המשקיפה על אגם ביווה (נקי מסמלי דת).

[רמת עומס: 🟢 קל]
💡 Plan B ערפל/רוח: אם יש רוחות הרכבל מושבת - בדוק מצלמת רשת בבוקר.
🍽️ פתרון תזונה: בית קפה בפסגה או אוכל מהתיק.
🥤 שילוב חלבון: חטיף חלבון בתיק.
🔍 לסינון: תצפית / טבע","רכבת מקומית (JR Kosei) מקיוטו לתחנת Shiga Station, ואוטובוס קצר (קו 68) לרכבל.",אגם ביווה,10:00 - 13:00,3 שעות,,"90 ₪ (~4,800 ¥)",**🚶‍♂️ תשלום במקום: קניית כרטיס בקופות הרכבל.**,https://www.biwako-valley.com/en/,≈ 45 דקות מקיוטו,https://www.google.com/maps/dir/?api=1&origin=Shiga+Station&destination=Biwako+Valley,,⚠️ שירותים,✓ סוודר/מעיל (הפסגה גבוהה וקרה)

🌸,קיוטו (חלופה),23-25/10,Philosopher's Path,פארק וטבע | מסלול הליכה,⭐⭐⭐ אם יש זמן,"Sakyo Ward, Kyoto",☀️ שמש / ☁️ מעונן,"שביל הפילוסופים:
• מסלול הליכה פסטורלי לאורך תעלה עתיקה. (חילוני לחלוטין וללא כניסה למבני דת). מושלם להתנתקות בשבת בצהריים.

[רמת עומס: 🟢 קל]
💡 Plan B גשם: קיצור המסלול ומעבר למקורה.
🍽️ פתרון תזונה: אוכל מוכן מראש לשבת.
🥤 שילוב חלבון: חטיף חלבון בתיק.
🔍 לסינון: פארק / טבע / הליכה",הליכה רגלית לאורך נתיב השביל במזרח קיוטו.,קיוטו - מזרח,14:00 - 16:00,שעתיים,,חינם,**🚶‍♂️ אין צורך להזמין מראש.**,https://www.japan-guide.com/e/e3906.html,≈ לפי מיקום עדכני,https://www.google.com/maps/dir/?api=1&origin=Nanzen-ji+Temple&destination=Philosopher's+Path,,⚠️ שירותים,✓ נעלי הליכה נוחות

🛶,קיוטו (חלופה),23-25/10,Hozugawa River Boat Ride,אטרקציה | שייט | נוף טבעי,⭐⭐⭐ אם יש זמן,"Kameoka, Kyoto",☀️ שמש / ☁️ מעונן,"שייט קמאוקה-אראשייאמה:
• סירות עץ מסורתיות ויורדים באשדות נהר ההוזו הגועש.
💡 שימוש בשקיות זיפלוק: חובה לאטום את הפלאפון והארנק בזיפלוק למניעת הירטבות מהשפריצים של הנהר!

[רמת עומס: 🟡 בינוני]
💡 Plan B גשם כבד: השייט מבוטל בטיחותית, הגיבוי הוא נסיעה רגילה ברכבת.
🍽️ פתרון תזונה: סירת חטיפים שטה לקראת סוף המסלול.
🥤 שילוב חלבון: חטיף חלבון בתיק.
🔍 לסינון: אטרקציה / שייט / טבע","רכבת JR Sagano מתחנת קיוטו לתחנת Kameoka, והליכה למזח.",קיוטו - הרים,10:00 - 12:00,שעתיים שייט,,"120 ₪ (~6,450 ¥)",**🚨 חובה להזמין מראש דרך Klook כ-1-2 שבועות מראש (במיוחד בעונת השלכת).**,https://www.klook.com/,≈ 35 דקות ברכבת,https://www.google.com/maps/dir/?api=1&origin=Kameoka+Station+Kyoto&destination=Hozugawa+River+Boat+Ride,🚨 גשם ⭐⭐⭐⭐⭐,⚠️ שירותים,✓ בגדים שניתן להרטיב | ✓ מצלמה עם הגנה למים

🚂,קיוטו (חלופה),23-25/10,Kyoto Railway Museum,מוזיאון | רכבות וטכנולוגיה,⭐⭐⭐⭐ מומלץ,"Shimogyo Ward, Kyoto",הכל (מקורה),"מוזיאון הרכבות:
• מציג את התפתחות רכבות השינקנסן, סימולטורים ורובוטיקה (חילוני לחלוטין).

[רמת עומס: 🟢 קל]
💡 Plan B גשם: יעד מקורה מושלם.
🍽️ פתרון תזונה: קפטריה במוזיאון.
🥤 שילוב חלבון: חטיף חלבון בתיק.
🔍 לסינון: מוזיאון / טכנולוגיה","הליכה מתונה מתחנת קיוטו המרכזית או אוטובוס.
[יציאה מומלצת: תחנת JR Umekoji-Kyotonishi]",קיוטו - מרכז,10:00 - 13:00,3 שעות,לבדוק ימי תחזוקה,"35 ₪ (~1,900 ¥)",**💡 מומלץ להזמין מראש ב-Klook לחיסכון בתור.**,https://www.kyotorailwaymuseum.jp/en/,≈ 15 דקות הליכה/אוטובוס מהתחנה,https://www.google.com/maps/dir/?api=1&origin=Kyoto+Station&destination=Kyoto+Railway+Museum,,⚠️ שירותים,✓ סקרנות טכנולוגית

⚔️,קיוטו (חלופה),23-25/10,Samurai Kenbu Theater,אטרקציה | תרבות מורשת ומופע,⭐⭐⭐⭐ מומלץ,"Sanjo, Kyoto",הכל (מקורה),"מופע סמוראים מסורתי ואותנטי הכולל שימוש בחרבות קטאנה, ריקודים ואפקטים חזותיים מרשימים.

[רמת עומס: 🟢 קל]
💡 Plan B: מקורה וחסין גשם.
🍽️ פתרון תזונה: מסעדות בסביבת סנג'ו.
🥤 שילוב חלבון: חטיף חלבון בתיק.
🔍 לסינון: תרבות / מופע","הליכה קצרה מתחנת Sanjo או Sanjo Keihan.",קיוטו - מרכז/מזרח,17:00 - 19:00,שעה-שעתיים,לבדוק שעות מופעים מדויקות,"כ-80 ₪ (~3,000 ¥)",**🚨 חובה להזמין כרטיסים מראש.**,https://www.samurai-kenbu.jp/,≈ לפי מיקום,https://www.google.com/maps/search/?api=1&query=Samurai+Kenbu+Theater+Kyoto,,⚠️ שירותים,✓ מצלמה

🏯,אוסקה (חלופה),25-28/10,Osaka Castle Park,פארק וטבע | היסטוריה ומורשת,⭐⭐⭐ אם יש זמן,"Chuo Ward, Osaka",☀️ שמש / ☁️ מעונן,"פארק טירת אוסקה:
• מרחבי דשא וחומות אבן אדירות (חילוני לחלוטין, ללא מחסומים אלקטרוניים).

[רמת עומס: 🟢 קל]
💡 Plan B גשם: דלג ועבור למתחם מקורה (כגון אקווריום).
🍽️ פתרון תזונה: חטיפים או קומביני סמוך.
🥤 שילוב חלבון: חטיף חלבון בתיק.
🔍 לסינון: פארק / טבע / היסטוריה","תחתית Tanimachi לתחנת Tanimachi 4-chome.
[יציאה מומלצת: יציאה 1-B]",אוסקה - מרכז,10:00 - 12:00,שעתיים,,חינם (לפארק),**🚶‍♂️ כניסה פתוחה לפארק הציבורי.**,https://www.japan-guide.com/e/e4000.html,≈ לפי מיקום עדכני,https://www.google.com/maps/dir/?api=1&origin=Tanimachi+4-chome+Station&destination=Osaka+Castle+Park,,,✓ נעלי הליכה | ✓ כובע

🦈,אוסקה (חלופה),25-28/10,Osaka Aquarium Kaiyukan,אטרקציה | אקווריום וטבע,⭐⭐⭐ אם יש זמן,"Minato Ward, Osaka",הכל (מקורה),"אקווריום קאיוקאן:
• כרישי לוויתן במיכל עצום.

[רמת עומס: 🟡 בינוני]
💡 Plan B גשם: מקום סגור, ממוזג ומושלם ליום גשום.
🍽️ פתרון תזונה: מסעדות במתחם Tempozan הסמוך.
🥤 שילוב חלבון: חטיף חלבון בתיק.
🔍 לסינון: אטרקציה / אקווריום","קו 🔵 Chuo Line מערבה לתחנת Osakako.
[יציאה מומלצת: יציאה 1]",אוסקה - מפרץ,13:00 - 15:30,שעתיים וחצי,,"70 ₪ (~3,800 ¥)",**🚨 מומלץ להזמין ב-Klook יום-יומיים מראש (חוסך תור בקופה; אין צורך בהרבה זמן מראש).**,https://www.klook.com/,≈ לפי מיקום עדכני,https://www.google.com/maps/dir/?api=1&origin=Osakako+Station&destination=Osaka+Aquarium+Kaiyukan,,⚠️ שירותים,✓ סוללה טעונה

🐠,אוסקה (חלופה),25-28/10,NIFREL,אטרקציה | אקווריום וטבע / מוזיאון,⭐⭐⭐ אם יש זמן,"Expocity, Suita, Osaka",הכל (מקורה),"מוזיאון חי אינטראקטיבי ייחודי המנוהל ע""י האקווריום קאיוקאן. משלב בצורה חדשנית בין אקווריום, גן חיות ומוזיאון אמנות דיגיטלית סביבתית.

[רמת עומס: 🟢 קל]
💡 Plan B גשם: מקורה לחלוטין בתוך מתחם Expocity.
🍽️ פתרון תזונה: מתחם האוכל הענק של Expocity צמוד אליך.
🥤 שילוב חלבון: חטיף חלבון בתיק.
🔍 לסינון: אטרקציה / אקווריום / מוזיאון","מונורייל (Osaka Monorail) לתחנת Bampaku-kinen-koen.",אוסקה - צפון (סואיטה),10:00 - 13:00,שעתיים וחצי,ממוקם סמוך למתחם אקספוסיטי (Expocity),"כ-55 ₪ (~2,200 ¥)",**🚶‍♂️ ניתן לשלם בקופה או להזמין מראש.**,https://www.nifrel.jp/en/,≈ 45 דקות ממרכז אוסקה,https://www.google.com/maps/search/?api=1&query=NIFREL+Osaka,,⚠️ שירותים,✓ מצלמה

🎮,אוסקה (חלופה),25-28/10,Round One Stadium (Spo-Cha),אטרקציה | גיימינג וספורט מקורה,⭐⭐⭐⭐ מומלץ,"Namba, Osaka",הכל (מקורה),"מתחם ה-Spo-Cha (Round One):
• תשלום חד-פעמי לזמן לגישה חופשית למאות מכונות גיימינג וספורט ללא אסימונים.

[רמת עומס: 🔴 גבוה]
💡 Plan B גשם: מקורה ומושלם כגיבוי.
🍽️ פתרון תזונה: אוכל ושתייה נמכרים במתחם.
🥤 שילוב חלבון: חטיף חלבון לאחר המאמץ הפיזי.
🔍 לסינון: ספורט / גיימינג / מקורה",הליכה קצרה מדוטונבורי או תחנת Namba.,אוסקה - נאמבה,14:00 - 17:00,3 שעות,,"75 ₪ (~4,000 ¥)",**🚶‍♂️ תשלום במכונות הקבלה במקום.**,https://www.round1.co.jp/,≈ 10 דקות הליכה מנאמבה,https://www.google.com/maps/dir/?api=1&origin=Namba+Station+Osaka&destination=Round+One+Stadium+Sennichimae,,⚠️ שירותים,✓ נעליים וביגוד ספורטיבי נוח

🛍️,אוסקה (חלופה),25-28/10,Rinku Premium Outlets,קניות | אאוטלט ואופנה,⭐⭐⭐ אם יש זמן,"Izumisano, Osaka",☀️ שמש / ☁️ מעונן,"אאוטלט יוקרתי וענק ליד שדה התעופה קנסאי (KIX).
• מעולה להשלמות ביגוד במחירים זולים.

[רמת עומס: 🟡 בינוני]
💡 Plan B גשם: חלק מהמתחם פתוח, כדאי להצטייד במטרייה.
🍽️ פתרון תזונה: פוד קורט עשיר במקום.
🥤 שילוב חלבון: חטיף חלבון בתיק.
🔍 לסינון: קניות / אאוטלט","רכבת Nankai Airport מתחנת Namba לתחנת Rinku Town.
[יציאה מומלצת: Main Exit]",אוסקה - דרום (שדה),10:00 - 14:00,4 שעות,,"כ-370 ₪ (~20,000 ¥)",**🚶‍♂️ הצג דרכון בכניסה לפטור ממס.**,https://www.premiumoutlets.co.jp/en/rinku/,≈ 45 דקות מנאמבה ברכבת,https://www.google.com/maps/dir/?api=1&origin=Namba+Station+Osaka&destination=Rinku+Premium+Outlets,,⚠️ שירותים,✓ דרכון פיזי

🌎,אוסקה (חלופה),25-28/10,Universal Studios Japan (USJ),אטרקציה | פארק שעשועים,⭐⭐⭐⭐⭐ חובה,"Konohana Ward, Osaka",☀️ שמש / ☁️ מעונן,"פארק השעשועים (USJ):
• עולמות נינטנדו (AR), הארי פוטר ורכבות הרים.
💡 שימוש בשקיות זיפלוק: חובה לארוז נייד ודרכון בזיפלוק לפני עלייה למתקני המים בפארק (כמו מלתעות)!

[רמת עומס: 🔴 גבוה]
💡 Plan B גשם: חלק מהמתקנים החיצוניים נסגרים.
🍽️ פתרון תזונה: מסעדות נושא ברחבי הפארק.
🥤 שילוב חלבון: חטיפי חלבון בתיק להחזרת אנרגיה.
🔍 לסינון: פארק שעשועים / אטרקציה",רכבת JR Yumesaki מתחנת Nishikujo לתחנת Universal City.,אוסקה - מפרץ,08:30 - 20:00,יום שלם,,"230 ₪ (~12,400 ¥)",**🚨 חובה להזמין ב-Klook כחודשיים-שלושה מראש (במיוחד Express Pass לעקיפת תורים - אוזל ראשון)!**,https://www.klook.com/,≈ 35 דקות ברכבת מנאמבה,https://www.google.com/maps/dir/?api=1&origin=Namba+Station+Osaka&destination=Universal+Studios+Japan,🚨 עומס כבד ⭐⭐⭐⭐⭐,⚠️ שירותים,✓ כיסים נסגרים לאקסטרים | ✓ פאוץ' קטן ונוח | ✓ נעלי הליכה חזקות

🦖,קובה (חלופה),גיחה מאוסקה,Nijigen no Mori (Godzilla Zipline),אטרקציה | פארק שעשועים | אקסטרים,⭐⭐⭐⭐ מומלץ,"Awaji Island, Hyogo",☀️ שמש / ☁️ מעונן,"פארק האנימה ניג'יגן נו מורי:
• אומגת אקסטרים (Zip-line) היישר לתוך לוע של גודזילה!

[רמת עומס: 🔴 גבוה]
💡 Plan B גשם/רוח: הפארק פתוח ויש מתקנים שעלולים להיסגר.
🍽️ פתרון תזונה: אוכל נושא מיוחד בפארק.
🥤 שילוב חלבון: חטיף חלבון בתיק.
🔍 לסינון: פארק שעשועים / אקסטרים",אוטובוס מהיר (Highway Bus) מ-Umeda/Namba ישירות לפארק.,האי אוואג'י / קובה,10:00 - 15:00,חצי יום,,"100 ₪ (אומגה) (~5,400 ¥)",**🚨 חובה להזמין כרטיס אומגה מראש דרך Klook כ-2-3 שבועות מראש (מספר מקומות מוגבל ליום).**,https://www.klook.com/,≈ שעה וחצי אוטובוס,https://www.google.com/maps/dir/?api=1&origin=Osaka+Station&destination=Nijigen+no+Mori,,⚠️ שירותים,✓ נעליים סגורות לחלוטין | ✓ בגדים ללא פריטים מתעופפים

🚠,קובה (חלופה),גיחה מאוסקה,Kobe Nunobiki Herb Gardens & Ropeway,אטרקציה | רכבל | פארק וטבע,⭐⭐⭐ אם יש זמן,"Kobe, Hyogo",☀️ שמש (ראות טובה),"הרכבל של קובה:
• תצפית על המפרץ, וירידה רגלית בין גני תבלינים ומפלי מים.

[רמת עומס: 🟡 בינוני]
💡 Plan B גשם: הרכבל עלול להיסגר, הירידה הרגלית מסוכנת בחלקה.
🍽️ פתרון תזונה: בית קפה עם נוף בפסגה.
🥤 שילוב חלבון: חטיף חלבון בתיק.
🔍 לסינון: רכבל / טבע / תצפית",הליכה קצרה מתחנת הרכבת Shin-Kobe אל תחנת הרכבל.,קובה - צפון,09:30 - 12:30,3 שעות,,"50 ₪ (~2,700 ¥)",**🚶‍♂️ תשלום במקום: בקופות הרכבל.**,https://www.japan-guide.com/e/e3563.html,≈ לפי מיקום עדכני,https://www.google.com/maps/dir/?api=1&origin=Shin-Kobe+Station&destination=Kobe+Nunobiki+Ropeway,,⚠️ שירותים,✓ נעלי הליכה (הירידה במורד ההר)

♨️,קובה (חלופה),גיחה מאוסקה,Arima Onsen,ספא ומרחצאות | טבע ומורשת,⭐⭐⭐⭐ מומלץ,"Kita Ward, Kobe, Hyogo",☀️ שמש / ☁️ מעונן / ימי חורף קרים,"עיירת מעיינות חמים עתיקה וידועה ביפן, מוקפת הרים. כוללת את המעיינות המפורסמים ""מים זהובים"" ו""מים כסופים"".
💡 שימוש בשקיות זיפלוק: ארוז את הבגדים הרטובים והמגבת בשקית זיפלוק בסיום הרחצה.

[רמת עומס: 🟢 קל]
💡 Plan B גשם: המרחצאות עצמם מקורים ומושלמים לגשם.
🍽️ פתרון תזונה: דוכני רחוב וביסקוויטים יפניים מסורתיים בעיירה.
🥤 שילוב חלבון: חטיף חלבון בתיק.
🔍 לסינון: ספא / מרחצאות / טבע","רכבת או אוטובוס ישיר מאוסקה (Umeda) או מתחנת סאנומיה (Kobe).",הרי קובה,10:00 - 16:00,חצי יום לפחות,רוב המרחצאות הציבוריים אוסרים כניסה עם קעקועים,"כ-60 ₪ (~2,400 ¥)",**🚶‍♂️ כניסה למרחצאות על בסיס מקום פנוי.**,https://www.japan-guide.com/e/e3558.html,≈ כשעה מאוסקה / 40 דקות מקובה,https://www.google.com/maps/search/?api=1&query=Arima+Onsen,,⚠️ שירותים | ⚠️ לוקרים,✓ מגבת קטנה | ✓ כיסוי קעקועים (אם יש)

🏍️,קובה (חלופה),גיחה מאוסקה,Kawasaki Good Times World,מוזיאון | טכנולוגיה ותחבורה,⭐⭐⭐ אם יש זמן,"Kobe, Hyogo",הכל (מקורה),"מוזיאון הטכנולוגיה קוואסאקי:
• מציג מסוקי קרב, מנועי סילון וסימולטורים של אופנועים.

[רמת עומס: 🟢 קל]
💡 Plan B גשם: מקורה לחלוטין.
🍽️ פתרון תזונה: אכילה באזור קובה או Harborland הסמוך.
🥤 שילוב חלבון: חטיף חלבון בתיק.
🔍 לסינון: מוזיאון / טכנולוגיה",הליכה מתחנת JR Motomachi לכיוון הנמל.,קובה - נמל,14:00 - 16:00,שעתיים,,16 ₪ (~860 ¥),**🚶‍♂️ תשלום במקום: בקופות המוזיאון.**,https://www.khi.co.jp/kawasakiworld/english/,≈ לפי מיקום עדכני,https://www.google.com/maps/dir/?api=1&origin=Motomachi+Station+Kobe&destination=Kawasaki+Good+Times+World,,⚠️ שירותים,✓ התעניינות ברובוטיקה וסילון

🎡,קובה (חלופה),גיחה מאוסקה,Kobe Harborland & Nankin-machi,אטרקציה | טיילת | חיי לילה,⭐⭐⭐ אם יש זמן,"Kobe, Hyogo",🌃 לילה / שקיעה,"הנמל של קובה (Harborland) וצ'יינה-טאון:
• צפייה בשקיעה מול מגדל פורט טאואר, והליכה לסיור ערב ברובע צ'יינה-טאון התוסס (חילוני).

[רמת עומס: 🟢 קל]
💡 Plan B גשם: כניסה לקניון Umie המקורה שבנמל.
🍽️ פתרון תזונה: אוכל רחוב סיני מעולה ב-Nankin-machi.
🥤 שילוב חלבון: חטיף חלבון בתיק.
🔍 לסינון: חיי לילה / אטרקציה עירונית",הליכה רגלית נוחה לאורך הטיילת.,קובה - מרכז,17:30 - 20:00,שעתיים וחצי,,חינם (ללא אוכל),**🚶‍♂️ אין צורך להזמין מראש.**,https://www.japan-guide.com/e/e3552.html,≈ לפי מיקום עדכני,https://www.google.com/maps/dir/?api=1&origin=Kawasaki+Good+Times+World&destination=Kobe+Harborland,,⚠️ שירותים,✓ מזומן דק לאוכל רחוב

🤖,קובה (חלופה),גיחה מאוסקה,Tetsujin 28-go Monument (Wakamatsu Park),אטרקציה | מונומנט ותרבות פופ,⭐⭐⭐ אם יש זמן,"Kobe, Hyogo",☀️ שמש / ☁️ מעונן,"פסל הרובוט Tetsujin 28-go:
• אנדרטת מתכת עצומה של רובוט מירוץ ואנימה בגובה 18 מטרים! פתוח בחינם.

[רמת עומס: 🟢 קל]
💡 Plan B גשם: עצירה קצרה בלבד לצילום.
🍽️ פתרון תזונה: מסעדות וקומביני בסביבת התחנה.
🥤 שילוב חלבון: חטיף חלבון בתיק.
🔍 לסינון: אטרקציה / תרבות פופ","הליכה קצרה מתחנת הרכבת Shin-Nagata.
[יציאה מומלצת: West Exit]",קובה - מערב,10:00 - 10:30,חצי שעה,,חינם,**🚶‍♂️ הפארק פתוח ציבורית.**,https://www.feel-kobe.jp/en/facilities/detail/?code=0000000030,≈ לפי מיקום עדכני,https://www.google.com/maps/dir/?api=1&origin=Shin-Nagata+Station&destination=Tetsujin+28-go+Monument,,,✓ מצלמה מזווית נמוכה לצילום הרובוט

🪄,טוקיו (חלופה),14-19/10,Warner Bros. Studio Tour - Harry Potter,אטרקציה | סיור סטודיו | תרבות פופ,⭐⭐⭐⭐⭐ חובה,"Nerima City, Tokyo",הכל (מקורה),"הסטודיו הענק של הארי פוטר:
• סיור אפקטים חזותיים מורכבים, אנימטרוניקה ורובוטיקה.

[רמת עומס: 🟡 בינוני]
💡 Plan B גשם: מקורה לחלוטין וסגור.
🍽️ פתרון תזונה: מסעדות נושא בתוך הסטודיו (כמו Butterbeer).
🥤 שילוב חלבון: חטיף חלבון בתיק.
🔍 לסינון: תרבות פופ / אטרקציה מקורה",קו Oedo או Seibu Ikebukuro לתחנת Toshimaen.,טוקיו - נרימה,09:00 - 14:00,4-5 שעות,שעות משתנות לפי היום,"160 ₪ (~8,600 ¥)",**🚨 חובה להזמין מראש: כ-6-8 שבועות מראש ב-Klook / באתר הרשמי (כרטיסים לזמן כניסה קבוע ואוזלים מהר בסוף השבוע).**,https://www.klook.com/,≈ 40 דקות משינג'וקו,https://www.google.com/maps/dir/?api=1&origin=Shinjuku+Station&destination=Warner+Bros+Studio+Tour+Tokyo,,⚠️ שירותים,✓ נעליים סופר נוחות (ההליכה בפנים שעות!) | ✓ סוללה ניידת

🌊,מחוץ למסלול (חלופה),תלוי בזמן,Izu Peninsula,אטרקציה | טבע וצלילה,⭐⭐⭐ אם יש זמן,"Izu Peninsula, Shizuoka",☀️ שמש בלבד,"אזור הצלילה המומלץ: חצי האי איזו (Izu Peninsula). מעולה לשילוב צלילות אם יש זמן פנוי במסלול.
💡 שימוש בשקיות זיפלוק: חובה לארוז בגד ים רטוב וציוד צלילה בשקיות זיפלוק כדי לשמור על שאר התיק יבש.

[רמת עומס: 🔴 גבוה]
💡 Plan B גשם/סערה: צלילות עלולות להתבטל, בדוק עם המועדון.
🍽️ פתרון תזונה: מסעדות מקומיות (פירות ים) או קומביני מראש.
🥤 שילוב חלבון: חובה לאחר הצלילה להתאוששות השרירים.
🔍 לסינון: אקסטרים / טבע / ספורט ימי",רכבת מהירה (Odoriko) מטוקיו או שינקנסן לאטאמי (Atami).,מחוץ לטוקיו,08:00 - 17:00,יום שלם,דורש תכנון יום שלם,תלוי צלילה/תחבורה,**🚨 חובה להזמין מועדון צלילה מראש.**,https://www.japan-guide.com/e/e6310.html,≈ שעתיים נסיעה מטוקיו,https://www.google.com/maps/dir/?api=1&origin=Tokyo+Station&destination=Izu+Peninsula,,⚠️ שירותים,✓ ציוד צלילה אישי / בגד ים

🎌,טוקיו (חלופה),בזמן התערוכה,Tokyo International Anime Fair,אטרקציה | כנס תרבות פופ,⭐⭐⭐⭐ מומלץ,"Tokyo Big Sight, Koto City",הכל (מקורה),"יריד האנימה הבינלאומי של טוקיו - אטרקציית חובה במידה והתאריכים חופפים לתערוכה.

[רמת עומס: 🔴 גבוה]
💡 Plan B גשם: מקורה (Tokyo Big Sight).
🍽️ פתרון תזונה: דוכני מזון בתערוכה.
🥤 שילוב חלבון: חטיף חלבון בתיק.
🔍 לסינון: כנס / תרבות פופ / אנימה",רכבת Yurikamome לתחנת Tokyo Big Sight.,טוקיו,10:00 - 17:00,4 שעות,מתקיים בתאריכים ספציפיים בלבד,"כ-60 ₪ (~3,000 ¥)",**🚨 חובה להזמין כרטיס מראש באתר הכנס.**,https://www.anime-japan.jp/en/,≈ 40 דקות מטוקיו,https://www.google.com/maps/dir/?api=1&origin=Tokyo+Station&destination=Tokyo+Big+Sight,🚨 עומס כבד ⭐⭐⭐⭐⭐,⚠️ שירותים,✓ נעלי הליכה | ✓ תיק ריק למרצ'נדייז

🌃,טוקיו (חלופה),14-19/10,Ginza Night Walk,אטרקציה | נוף עירוני | חיי לילה,⭐⭐⭐ אם יש זמן,"Ginza, Chuo City, Tokyo",🌃 לילה / ראות טובה,"טייל רגלית ברחובות גינזה המוארים (מבחוץ בלבד).

[רמת עומס: 🟢 קל]
💡 Plan B גשם: ניתן להיכנס לחנויות הדגל ולבתי הכלבו הענקיים באזור.
🍽️ פתרון תזונה: המון מסעדות גורמה וקומביני באזור.
🥤 שילוב חלבון: חטיף חלבון בתיק.
🔍 לסינון: חיי לילה / נוף עירוני","רכבת תחתית לתחנת Ginza (קווים Ginza, Marunouchi, Hibiya).",טוקיו - גינזה,19:00 - 21:00,שעתיים,,חינם,**🚶‍♂️ אין צורך להזמין מראש.**,https://www.japan-guide.com/e/e3005.html,≈ 15 דקות,https://www.google.com/maps/dir/?api=1&origin=Tokyo+Station&destination=Ginza+Station,,,✓ מצלמה

🗻,פוג'י (חלופה),14-19/10,Arakurayama Sengen Park,פארק וטבע | נוף טבעי | תצפית,⭐⭐⭐⭐⭐ חובה,"Fujiyoshida, Yamanashi",☀️ שמש (ראות פוג'י),"פארק אראקוראיאמה סנגן: הנוף האייקוני של הפגודה עם הר פוג'י ברקע. מצריך עלייה של כ-400 מדרגות.

[רמת עומס: 🟡 בינוני]
💡 Plan B עננות/גשם: אם פוג'י מוסתר לחלוטין הראות פחות שווה את המאמץ.
🍽️ פתרון תזונה: קומביני לפני העלייה.
🥤 שילוב חלבון: חטיף חלבון לאחר טיפוס המדרגות.
🔍 לסינון: תצפית / טבע / צילום",נסיעה ברכבת מתחנת Kawaguchiko לתחנת Shimoyoshida והליכה רגלית.,פוג'י / חמשת האגמים,08:00 - 10:00,שעה וחצי,לבוא מוקדם בבוקר,חינם,**🚶‍♂️ כניסה חופשית לפארק.**,https://www.japan-guide.com/e/e6917.html,≈ 20 דקות מקוואגוצ'יקו,https://www.google.com/maps/dir/?api=1&origin=Kawaguchiko+Station&destination=Arakurayama+Sengen+Park,,⚠️ שירותים,✓ כושר לעליית מדרגות | ✓ מצלמה

🏙️,טוקיו (חלופה),14-19/10,KITTE Observation Deck,אטרקציה | תצפית עירונית,⭐⭐⭐⭐ מומלץ,"Marunouchi, Chiyoda City",🌃 לילה,"סיום הערב באוויר הפתוח במרפסת תצפית KITTE (קומה 6) מול הנוף של תחנת טוקיו המוארת.

[רמת עומס: 🟢 קל]
💡 Plan B גשם: המרפסת עשויה להיסגר, ניתן להשקיף מחלונות הקניון.
🍽️ פתרון תזונה: מתחם מסעדות עצום בקומות התחתונות.
🥤 שילוב חלבון: חטיף חלבון בתיק.
🔍 לסינון: תצפית / אטרקציה עירונית",צמוד לחלוטין ליציאה הדרומית (Marunouchi South Exit) של תחנת Tokyo.,טוקיו - מרכז,21:00 - 22:00,45 דקות,,חינם,**🚶‍♂️ כניסה חופשית לבניין ולמרפסת.**,https://marunouchi.jp-kitte.jp/gb/,≈ 2 דקות הליכה,https://www.google.com/maps/dir/?api=1&origin=Tokyo+Station&destination=KITTE+Marunouchi,,⚠️ שירותים,✓ ז'קט (קריר במרפסת בחוץ)

♨️,האקונה (חלופה),20-21/10,Hakone Yuryo,ספא ומרחצאות | אונסן מסורתי,⭐⭐⭐⭐ מומלץ,"Tonosawa, Hakone",הכל,"אונסן מסורתי (מעיין חם) ומעוצב בסגנון כפרי לטבילה מרגיעה בסיום היום. אפשרות לשכירת חדר פרטי.
💡 שימוש בשקיות זיפלוק: ארוז את המגבת הלחה והבגדים בשקית זיפלוק לאחר הרחצה.

[רמת עומס: 🟢 קל]
💡 Plan B גשם: חוויה מעולה ומרגיעה גם בגשם.
🍽️ פתרון תזונה: מסעדה במתחם האונסן.
🥤 שילוב חלבון: שייק חלבון לאחר הטבילה.
🔍 לסינון: ספא / מרחצאות / הרגעות",שאטל חינמי שיוצא כל 15 דקות מתחנת הרכבת Hakone-Yumoto.,האקונה,16:00 - 18:00,שעתיים,אוסר קעקועים (באזור הציבורי),"כ-40 ₪ (~2,000 ¥)",**🚶‍♂️ תשלום בקבלה במקום.** (לחדר פרטי רצוי להזמין מראש).,https://www.hakoneyuryo.jp/english/,≈ 10 דקות בשאטל,https://www.google.com/maps/dir/?api=1&origin=Hakone-Yumoto+Station&destination=Hakone+Yuryo,,⚠️ שירותים,✓ מגבת אישית (או לשכור במקום)

🏞️,ביווה (חלופה),21-22/10,Lake Biwa,פארק וטבע | חוף אגם,⭐⭐⭐ אם יש זמן,"Otsu, Shiga",☀️ שמש / ☁️ מעונן,"אגם ביווה (Lake Biwa): האגם הגדול ביפן. נסיעת בוקר קצרה לטיול פסטורלי ורגוע לחופי האגם.

[רמת עומס: 🟢 קל]
💡 Plan B גשם: מומלץ לדחות או ללכת לאטרקציות מקורות בקיוטו.
🍽️ פתרון תזונה: בתי קפה לאורך החוף או סופרמרקט.
🥤 שילוב חלבון: חטיף חלבון בתיק.
🔍 לסינון: פארק / טבע / אגם",רכבת JR Tokaido Line מאוסקה/קיוטו לתחנת Otsu או Zeze.,אזור קיוטו/אוסקה,08:00 - 10:30,שעתיים וחצי,,חינם (מלבד נסיעות),**🚶‍♂️ אזור פתוח.**,https://en.biwako-visitors.jp/,≈ 40 דקות מאוסקה,https://www.google.com/maps/dir/?api=1&origin=Osaka+Station&destination=Lake+Biwa,,,✓ נעלי הליכה נוחות

💻,טוקיו (חלופה),14-19/10,Yodobashi Camera Multimedia Ueno,קניות | טכנולוגיה ואלקטרוניקה,⭐⭐⭐⭐ מומלץ,"4-9-14 Ueno, Taito City, Tokyo",הכל (מקורה),"השלמות טכנולוגיה וגאדג'טים: • סניף ענק מול התחנה באואנו.

[רמת עומס: 🟡 בינוני]
💡 Plan B גשם: מקורה לחלוטין.
🍽️ פתרון תזונה: מסעדות באזור אואנו.
🥤 שילוב חלבון: חטיף חלבון בתיק.
🔍 לסינון: קניות / טכנולוגיה",צמוד לתחנת Ueno (יציאה מרכזית).,טוקיו - אואנו,10:00 - 12:00,שעה,,"כ-185 ₪ (~10,000 ¥) תקציב מוערך",**🚶‍♂️ הגעה חופשית.**,https://www.yodobashi.com/ec/store/0013/,≈ דקת הליכה מתחנת אואנו,https://www.google.com/maps/dir/?api=1&origin=Ueno+Station&destination=Yodobashi+Camera+Ueno,,⚠️ שירותים,✓ כרטיס אשראי ודרכון

👾,טוקיו (חלופה),14-19/10,Akihabara Round 2,קניות | טכנולוגיה ואנימה,⭐⭐⭐⭐ מומלץ,"Akihabara, Tokyo",הכל (מקורה),"סיבוב השלמות מהיר באקיהברה: • קפיצה קצרה של 2 תחנות מאואנו לרכיבי PC ומשחקי רטרו.

[רמת עומס: 🟡 בינוני]
💡 Plan B גשם: אפשר להסתובב בין החנויות המקורות.
🍽️ פתרון תזונה: המון קומביני ואוכל רחוב באזור.
🥤 שילוב חלבון: חטיף חלבון בתיק.
🔍 לסינון: קניות / טכנולוגיה / תרבות פופ",נסיעה קצרה בקו Yamanote מתחנת Ueno ל-Akihabara.,טוקיו - אקיהברה,10:00 - 13:00,שעתיים-שלוש,,חינם,🚶‍♂️ הגעה חופשית.,https://www.japan-guide.com/e/e3003.html,≈ 5 דקות ברכבת,https://www.google.com/maps/dir/?api=1&origin=Ueno+Station&destination=Akihabara+Station,,⚠️ שירותים,✓ תיק פנוי להשלמות

🛒,כללי,כל הטיול,Aeon Mall / Seijo Ishii,קניות | סופרמרקט וכלבו,⭐⭐⭐⭐ מומלץ,בכל עיר,הכל (מקורה),"איפה קונים? חפש בגוגל מפות את הרשתות הגדולות בכל עיר: Aeon Mall (זולה) או Seijo Ishii (פרימיום).

[רמת עומס: 🟢 קל]
💡 Plan B גשם: סופרמרקטים מקורים ופתוחים עד מאוחר.
🍽️ פתרון תזונה: קניית מצרכים לבישול ארוחות עצמאיות או קניית אוכל מוכן.
🥤 שילוב חלבון: קניית טונה, ביצים, ואבקות חלבון מקומיות במידת הצורך.
🔍 לסינון: קניות / סופרמרקט / הצטיידות",זמין ברחבי יפן.,קניות / סופרמרקט,18:00 - 20:00,שעה,,לפי צריכה,הגעה חופשית.,Aeon / Seijo Ishii,≈ לפי מיקום,https://www.google.com/maps/search/?api=1&query=Aeon+Mall,,⚠️ שירותים,✓ שקיות רב פעמיות

🏯,קיוטו (חלופה),23-25/10,Uzumasa Kyoto Village,אטרקציה | פארק תרבות מסורתית,⭐⭐⭐ אם יש זמן,"Uzumasa, Kyoto",☀️ שמש / ☁️ מעונן,"מתחם בידור ותרבות חדש (פיתוח של אזור טואי) המשלב רחובות מסורתיים, קניות, אוכל וחוויות תרבותיות בהשראת קיוטו העתיקה.

[רמת עומס: 🟡 בינוני]
💡 Plan B גשם: חלקים מקורים וחלקים פתוחים, להביא מטרייה.
🍽️ פתרון תזונה: מסעדות נושא בתוך הכפר.
🥤 שילוב חלבון: חטיף חלבון בתיק.
🔍 לסינון: תרבות / אטרקציה / היסטוריה",רכבת לתחנת Uzumasa או Uzumasa-Koryuji.,קיוטו - מערב,10:00 - 14:00,3-4 שעות,יעד עתידי / קונספט (פיתוח מחדש של אזור טואי),תלוי בפעילות,**🚶‍♂️ אין צורך להזמין כרגע (פרויקט פיתוח).**,https://toeieigamura.com/,≈ 30 דקות ממרכז קיוטו,https://www.google.com/maps/search/?api=1&query=Uzumasa+Kyoto,,⚠️ שירותים,✓ מצלמה | ✓ נעלי הליכה נוחות

🌳,פוקואוקה (חלופה),תלוי בזמן,The Gateway Park: Hakata Meiji,פארק וטבע | אדריכלות עירונית,⭐⭐⭐ אם יש זמן,"Hakata Station Area, Fukuoka",☀️ שמש / ☁️ מעונן,"קומפלקס לייף-סטייל ענק וחדש ליד תחנת האקטה. כולל ריאות ירוקות על הגגות, אזורי קניות, מסעדות וארכיטקטורה המשלבת טבע בתוך העיר.

[רמת עומס: 🟢 קל]
💡 Plan B גשם: הקומפלקס מקורה בחלקו הגדול.
🍽️ פתרון תזונה: מתחם מסעדות מקיף במקום.
🥤 שילוב חלבון: חטיף חלבון בתיק.
🔍 לסינון: אטרקציה עירונית / קניות / פארק",הליכה מתחנת Hakata.,פוקואוקה - האקטה,10:00 - 13:00,2-3 שעות,פיתוח עתידי/הדמיה,חינם (קניות ואוכל בתשלום),**🚶‍♂️ אין צורך להזמין מראש.**,-,≈ לפי מיקום עדכני,https://www.google.com/maps/search/?api=1&query=Hakata+Station+Fukuoka,,⚠️ שירותים,✓ זמן פנוי בפוקואוקה

🏙️,טוקיו (חלופה),14-19/10,Tokyo Dream Park,אטרקציה | פיתוח עירוני עתידני,⭐⭐⭐ אם יש זמן,Tokyo,הכל (מקורה),"קונספט של פיתוח עירוני עתידני המשלב שימושים מעורבים (מסחר, בידור ופנאי) עם ארכיטקטורה מודרנית ומרחבים ירוקים.

[רמת עומס: 🟢 קל]
💡 Plan B גשם: פרויקט מעורב שיציע אפשרויות מקורות.
🍽️ פתרון תזונה: מסעדות שיוקמו בפרויקט.
🥤 שילוב חלבון: חטיף חלבון בתיק.
🔍 לסינון: פיתוח עירוני / אטרקציה עתידית",תלוי במיקום הסופי (קונספט עתידי).,טוקיו,10:00 - 13:00,2-3 שעות,יעד עתידי / קונספט תכנוני,תלוי בפעילות,**🚶‍♂️ לא רלוונטי כרגע (בפיתוח).**,-,≈ לפי מיקום עדכני,https://www.google.com/maps/search/?api=1&query=Tokyo,,⚠️ שירותים,✓ מעקב אחר פתיחת הפרויקט

🏛️,טוקיו (חלופה),14-19/10,Edo-Tokyo Museum,מוזיאון | היסטוריה ותרבות,⭐⭐⭐⭐ מומלץ,"Sumida City, Tokyo",הכל (מקורה),"מוזיאון אדו-טוקיו ההיסטורי לאחר שיפוץ מקיף (פתיחה מחודשת). חוקר את תרבות טוקיו המודרנית ואת תקופת אדו בעזרת דגמים עצומים ואותנטיים.

[רמת עומס: 🟢 קל]
💡 Plan B גשם: יעד מקורה לחלוטין ומושלם.
🍽️ פתרון תזונה: מסעדות באזור המוזיאון (Ryogoku).
🥤 שילוב חלבון: חטיף חלבון בתיק.
🔍 לסינון: מוזיאון / היסטוריה / תרבות",הליכה של 3 דקות מתחנת Ryogoku (קו Chuo-Sobu או Oedo).,טוקיו - סומידה,10:00 - 13:00,3 שעות,יש לוודא פתיחה סופית לקהל הרחב,כ-16 ₪ (~600 ¥),**🚶‍♂️ מומלץ לבדוק אפשרות רכישה מראש באתר.**,https://www.edo-tokyo-museum.or.jp/en/,≈ 15 דקות מאקיהברה,https://www.google.com/maps/search/?api=1&query=Edo-Tokyo+Museum,,⚠️ שירותים | ⚠️ לוקרים,✓ וידוא שהמוזיאון נפתח לקהל

🎢,טוקיו (חלופה),14-19/10,PokéPark KANTO,אטרקציה | פארק שעשועים | תרבות פופ,⭐⭐⭐⭐⭐ חובה,"Yomiuriland, Inagi, Tokyo",☀️ שמש / ☁️ מעונן,"הפארק הראשון בעולם של פוקימון במציאות (אמור להיפתח ב-2026)!
• יער פוקימונים ענק (Pokemon Forest) והעתק של העיר (Sedge Town).

[רמת עומס: 🔴 גבוה]
💡 Plan B גשם: חלק מהמתקנים עלולים להיות חיצוניים, מומלץ להתעדכן עם פתיחת הפארק.
🍽️ פתרון תזונה: מסעדות ודוכני נושא של פוקימון בפארק.
🥤 שילוב חלבון: חטיף חלבון בתיק כדי לא לבזבז זמן בתורים לאוכל.
🔍 לסינון: פארק שעשועים / תרבות פופ","רכבת Keio Line משינג'וקו לתחנת Keio-Yomiuri-Land, ומשם ברכבל (Gondola) או אוטובוס.",טוקיו - פרברים,10:00 - 16:00,חצי יום,פתיחה צפויה ב-2026 (יש לעקוב אחרי כרטיסים),"כ-200 ₪ (~11,000 ¥)",**🚨 חובה לעקוב ולהזמין חודשים מראש באתר!**,https://www.pokepark-kanto.co.jp/ppark/top/index?languageKind=en_US,≈ 35 דקות משינג'וקו,https://www.google.com/maps/dir/?api=1&origin=Shinjuku+Station&destination=Yomiuriland,,⚠️ שירותים,✓ סוללה ניידת לאפליקציה הייעודית

🐈,טוקיו (חלופה),14-19/10,Cat Street,קניות | אופנה ואווירה,⭐⭐⭐⭐ מומלץ,"Shibuya/Harajuku, Tokyo",☀️ שמש / ☁️ מעונן,"רחוב חתול (Cat Street): • מדרחוב אופנה אלטרנטיבי ובוטיקים בין שיבויה להרג'וקו. חלופה שקטה ומיוחדת לרחוב טקשיטה העמוס.

[רמת עומס: 🟢 קל]
💡 Plan B גשם: הרחוב פתוח, כדאי להצטייד במטרייה או לעבור לקניון צמוד.
🍽️ פתרון תזונה: בתי קפה מיוחדים הפזורים לאורך הרחוב.
🥤 שילוב חלבון: חטיף חלבון בתיק.
🔍 לסינון: קניות / אופנה / טיילת",הליכה מתחנת Shibuya או Harajuku.,טוקיו - הרג'וקו/שיבויה,15:00 - 17:00,שעתיים,,חינם,🚶‍♂️ אין צורך להזמין מראש.,https://www.japan-guide.com/e/e3006.html,≈ לפי מיקום,https://www.google.com/maps/search/?api=1&query=Cat+Street+Tokyo,,,✓ ארנק לקניות | ✓ נעלי הליכה

🎸,טוקיו (חלופה),14-19/10,Shimokitazawa,אטרקציה | תרבות ואופנת וינטג',⭐⭐⭐⭐ מומלץ,"Setagaya City, Tokyo",☀️ שמש / ☁️ מעונן,"שכונת שימוקיטזאווה: • רובע הוינטג' והאינדי של טוקיו. מלא בחנויות בגדי יד שנייה, תקליטים, ובתי קפה שקטים. חלופה נהדרת לאזורים העמוסים.

[רמת עומס: 🟢 קל]
💡 Plan B גשם: מעבר בין חנויות יכול להיות רטוב, מומלץ להביא מטרייה או לעבור לשינג'וקו.
🍽️ פתרון תזונה: מסעדות קטנות ואיזקאיות מקומיות רבות.
🥤 שילוב חלבון: חטיף חלבון בתיק.
🔍 לסינון: אטרקציה עירונית / וינטג' / קניות",רכבת בקו Odakyu משינג'וקו לתחנת Shimokitazawa.,טוקיו - מערב,11:00 - 14:00,3 שעות,,חינם,🚶‍♂️ אין צורך להזמין מראש.,https://www.japan-guide.com/e/e3073.html,≈ 10 דקות משינג'וקו,https://www.google.com/maps/dir/?api=1&origin=Shinjuku+Station&destination=Shimokitazawa+Station,,,✓ כרטיס אשראי ומזומן

🦌,מחוץ למסלול (חלופה),גיחה מקיוטו/אוסקה,Nara Park,טבע ופארקים | בעלי חיים וטבע,⭐⭐⭐⭐⭐ חובה,"Nara, Nara Prefecture",☀️ שמש / ☁️ מעונן,"פארק נארה (Nara Park):
• פארק עצום וחופשי שבו מסתובבים מאות צבאים חופשיים ורגועים שניתן להאכיל בקרקרים מיוחדים. חוויית טבע מיוחדת (נקי ממקדשים אם נשארים בפארק בלבד).

[רמת עומס: 🟡 בינוני]
💡 Plan B גשם: ההליכה בחוץ בעייתית בגשם כבד, דלג למקומות מקורים.
🍽️ פתרון תזונה: מומלץ להביא אוכל מראש כיוון שיש פחות אפשרויות.
🥤 שילוב חלבון: חטיף חלבון בתיק (אל תיתן לצבאים!).
🔍 לסינון: פארק / טבע / בעלי חיים","רכבת ישירה קו Kintetsu-Nara מתחנת קיוטו או אוסקה-נאמבה לתחנת Kintetsu Nara.",נארה (גיחה),09:00 - 13:00,חצי יום,,חינם (קרקרים לצבאים בתשלום סמלי),🚶‍♂️ הפארק הציבורי פתוח וחופשי.,https://www.japan-guide.com/e/e4103.html,≈ 45 דקות מקיוטו/אוסקה,https://www.google.com/maps/dir/?api=1&origin=Kyoto+Station&destination=Nara+Park,,,✓ מטבעות לקניית קרקרים לצבאים | ✓ מצלמה

🍵,קיוטו (חלופה),23-25/10,Uji (Green Tea Town),אטרקציה | קולינריה וטבע,⭐⭐⭐⭐ מומלץ,"Uji, Kyoto Prefecture",☀️ שמש / ☁️ מעונן,"העיירה אוג'י (Uji): • בירת התה הירוק של יפן! טיול לאורך נהר אוג'י הפסטורלי, חנויות תה היסטוריות וטעימות מאצ'ה (ללא כניסה למקדשים).

[רמת עומס: 🟢 קל]
💡 Plan B גשם: לשבת באחד מבתי התה המקורים לאורך הנהר.
🍽️ פתרון תזונה: קינוחי תה ירוק (מאצ'ה) ייחודיים ואטריות סובה מקומיות.
🥤 שילוב חלבון: חטיף חלבון בתיק.
🔍 לסינון: קולינריה / טבע / תרבות",רכבת קו JR Nara Line מתחנת קיוטו לתחנת Uji.,אוג'י (דרומית לקיוטו),10:00 - 13:00,3 שעות,,"כ-92 ₪ (~5,000 ¥)",🚶‍♂️ אין צורך להזמין מראש.,https://www.japan-guide.com/e/e3975.html,≈ 20 דקות מקיוטו,https://www.google.com/maps/dir/?api=1&origin=Kyoto+Station&destination=Uji+Station,,,✓ חיבה לתה ירוק וקולינריה

🏛️,קיוטו (חלופה),23-25/10,Kyoto National Museum,מוזיאון | היסטוריה ואמנות,⭐⭐⭐⭐ מומלץ,"Higashiyama Ward, Kyoto",הכל (מקורה),"המוזיאון הלאומי של קיוטו: • מציג אמנות, תרבות והיסטוריה יפנית במבנים ארכיטקטוניים מרשימים (חילוני לחלוטין).

[רמת עומס: 🟢 קל]
💡 Plan B גשם: מושלם וחסין גשם לחלוטין.
🍽️ פתרון תזונה: בית קפה מסודר בתוך מתחם המוזיאון.
🥤 שילוב חלבון: חטיף חלבון בתיק.
🔍 לסינון: מוזיאון / היסטוריה / אמנות",נסיעה קצרה באוטובוס 206 או 208 מתחנת קיוטו לתחנת Hakubutsukan Sanjusangendo-mae.,קיוטו - מזרח,10:00 - 13:00,3 שעות,סגור בימי שני,"כ-20 ₪ (~1000 ¥)",🚶‍♂️ ניתן לרכוש במקום או באתר.,https://www.kyohaku.go.jp/eng/,≈ 15 דקות באוטובוס,https://www.google.com/maps/dir/?api=1&origin=Kyoto+Station&destination=Kyoto+National+Museum,,⚠️ שירותים,✓ זמן פנוי וחובבי היסטוריה

🚲,קיוטו (חלופה),23-25/10,Kamo River Cycling,אטרקציה | ספורט וטבע,⭐⭐⭐⭐ מומלץ,"Kamo River, Kyoto",☀️ שמש / ☁️ מעונן,"רכיבה על אופניים לאורך נהר קאמו: • השכרת אופניים לרכיבה שלווה ומהנה לאורך השבילים המוסדרים של גדות נהר הקאמו, ללא רכבים באוויר הפתוח.

[רמת עומס: 🟡 בינוני]
💡 Plan B גשם: אינו מתאים לגשם, יש לדחות או לבטל לטובת שוק נישיקי המקורה.
🍽️ פתרון תזונה: עצירה לפיקניק קליל על גדות הנהר ממצרכי סופר.
🥤 שילוב חלבון: חטיף חלבון או שייק לאחר הרכיבה.
🔍 לסינון: ספורט / טבע / אטרקציה פתוחה",השכרת אופניים מאחת החנויות במרכז העיר (כגון Kyoto Cycling Tour Project) וגישה נוחה לנהר.,קיוטו - מרכז,15:00 - 17:00,שעתיים,,כ-30 ₪ ליום השכרה,🚶‍♂️ מגיעים לחנות השכרה במרכז העיר ושוכרים במקום.,https://www.japan-guide.com/e/e3946.html,≈ לפי מיקום ההשכרה,https://www.google.com/maps/search/?api=1&query=Kamo+River+Kyoto,,,✓ ביגוד נוח לרכיבה | ✓ כושר בסיסי